quantity,product,batch_id,timestamp,stream,shift,row_sequence
250.12,product_A,batch_01,2026-07-18T00:00:00Z,stream_1,day,1
250.23,product_A,batch_01,2026-07-18T00:01:00Z,stream_1,night,2
250.19,product_A,batch_01,2026-07-18T00:02:00Z,stream_2,day,3
250.34,product_A,batch_01,2026-07-18T00:03:00Z,stream_2,night,4
250.19,product_B,batch_01,2026-07-18T00:04:00Z,stream_1,day,5
250.34,product_B,batch_01,2026-07-18T00:05:00Z,stream_1,night,6
250.28,product_B,batch_01,2026-07-18T00:06:00Z,stream_2,day,7
250.39,product_B,batch_01,2026-07-18T00:07:00Z,stream_2,night,8
250.15,product_A,batch_01,2026-07-18T00:08:00Z,stream_1,day,9
250.24,product_A,batch_01,2026-07-18T00:09:00Z,stream_1,night,10
250.18,product_A,batch_01,2026-07-18T00:10:00Z,stream_2,day,11
250.29,product_A,batch_01,2026-07-18T00:11:00Z,stream_2,night,12
250.22,product_B,batch_01,2026-07-18T00:12:00Z,stream_1,day,13
250.31,product_B,batch_01,2026-07-18T00:13:00Z,stream_1,night,14
250.27,product_B,batch_01,2026-07-18T00:14:00Z,stream_2,day,15
250.38,product_B,batch_01,2026-07-18T00:15:00Z,stream_2,night,16
250.12,product_A,batch_01,2026-07-18T00:16:00Z,stream_1,day,17
250.23,product_A,batch_01,2026-07-18T00:17:00Z,stream_1,night,18
250.16,product_A,batch_01,2026-07-18T00:18:00Z,stream_2,day,19
250.31,product_A,batch_01,2026-07-18T00:19:00Z,stream_2,night,20
250.20,product_B,batch_01,2026-07-18T00:20:00Z,stream_1,day,21
250.31,product_B,batch_01,2026-07-18T00:21:00Z,stream_1,night,22
250.27,product_B,batch_01,2026-07-18T00:22:00Z,stream_2,day,23
250.37,product_B,batch_01,2026-07-18T00:23:00Z,stream_2,night,24
250.12,product_A,batch_01,2026-07-18T00:24:00Z,stream_1,day,25
250.25,product_A,batch_01,2026-07-18T00:25:00Z,stream_1,night,26
250.18,product_A,batch_01,2026-07-18T00:26:00Z,stream_2,day,27
250.31,product_A,batch_01,2026-07-18T00:27:00Z,stream_2,night,28
250.21,product_B,batch_01,2026-07-18T00:28:00Z,stream_1,day,29
250.33,product_B,batch_01,2026-07-18T00:29:00Z,stream_1,night,30
250.25,product_B,batch_01,2026-07-18T00:30:00Z,stream_2,day,31
250.39,product_B,batch_01,2026-07-18T00:31:00Z,stream_2,night,32
250.11,product_A,batch_01,2026-07-18T00:32:00Z,stream_1,day,33
250.24,product_A,batch_01,2026-07-18T00:33:00Z,stream_1,night,34
250.17,product_A,batch_01,2026-07-18T00:34:00Z,stream_2,day,35
250.31,product_A,batch_01,2026-07-18T00:35:00Z,stream_2,night,36
250.22,product_B,batch_01,2026-07-18T00:36:00Z,stream_1,day,37
250.30,product_B,batch_01,2026-07-18T00:37:00Z,stream_1,night,38
250.24,product_B,batch_01,2026-07-18T00:38:00Z,stream_2,day,39
250.39,product_B,batch_01,2026-07-18T00:39:00Z,stream_2,night,40
250.13,product_A,batch_01,2026-07-18T00:40:00Z,stream_1,day,41
250.22,product_A,batch_01,2026-07-18T00:41:00Z,stream_1,night,42
250.17,product_A,batch_01,2026-07-18T00:42:00Z,stream_2,day,43
250.34,product_A,batch_01,2026-07-18T00:43:00Z,stream_2,night,44
250.20,product_B,batch_01,2026-07-18T00:44:00Z,stream_1,day,45
250.32,product_B,batch_01,2026-07-18T00:45:00Z,stream_1,night,46
250.25,product_B,batch_01,2026-07-18T00:46:00Z,stream_2,day,47
250.39,product_B,batch_01,2026-07-18T00:47:00Z,stream_2,night,48
250.11,product_A,batch_01,2026-07-18T00:48:00Z,stream_1,day,49
250.23,product_A,batch_01,2026-07-18T00:49:00Z,stream_1,night,50
250.19,product_A,batch_01,2026-07-18T00:50:00Z,stream_2,day,51
250.30,product_A,batch_01,2026-07-18T00:51:00Z,stream_2,night,52
250.16,product_B,batch_01,2026-07-18T00:52:00Z,stream_1,day,53
250.31,product_B,batch_01,2026-07-18T00:53:00Z,stream_1,night,54
250.27,product_B,batch_01,2026-07-18T00:54:00Z,stream_2,day,55
250.37,product_B,batch_01,2026-07-18T00:55:00Z,stream_2,night,56
250.14,product_A,batch_01,2026-07-18T00:56:00Z,stream_1,day,57
250.25,product_A,batch_01,2026-07-18T00:57:00Z,stream_1,night,58
250.14,product_A,batch_01,2026-07-18T00:58:00Z,stream_2,day,59
250.29,product_A,batch_01,2026-07-18T00:59:00Z,stream_2,night,60
250.20,product_B,batch_01,2026-07-18T01:00:00Z,stream_1,day,61
250.32,product_B,batch_01,2026-07-18T01:01:00Z,stream_1,night,62
250.26,product_B,batch_01,2026-07-18T01:02:00Z,stream_2,day,63
250.39,product_B,batch_01,2026-07-18T01:03:00Z,stream_2,night,64
250.12,product_A,batch_01,2026-07-18T01:04:00Z,stream_1,day,65
250.24,product_A,batch_01,2026-07-18T01:05:00Z,stream_1,night,66
250.19,product_A,batch_01,2026-07-18T01:06:00Z,stream_2,day,67
250.31,product_A,batch_01,2026-07-18T01:07:00Z,stream_2,night,68
250.20,product_B,batch_01,2026-07-18T01:08:00Z,stream_1,day,69
250.33,product_B,batch_01,2026-07-18T01:09:00Z,stream_1,night,70
250.26,product_B,batch_01,2026-07-18T01:10:00Z,stream_2,day,71
250.37,product_B,batch_01,2026-07-18T01:11:00Z,stream_2,night,72
250.10,product_A,batch_01,2026-07-18T01:12:00Z,stream_1,day,73
250.23,product_A,batch_01,2026-07-18T01:13:00Z,stream_1,night,74
250.18,product_A,batch_01,2026-07-18T01:14:00Z,stream_2,day,75
250.31,product_A,batch_01,2026-07-18T01:15:00Z,stream_2,night,76
250.17,product_B,batch_01,2026-07-18T01:16:00Z,stream_1,day,77
250.31,product_B,batch_01,2026-07-18T01:17:00Z,stream_1,night,78
250.25,product_B,batch_01,2026-07-18T01:18:00Z,stream_2,day,79
250.37,product_B,batch_01,2026-07-18T01:19:00Z,stream_2,night,80
250.12,product_A,batch_01,2026-07-18T01:20:00Z,stream_1,day,81
250.24,product_A,batch_01,2026-07-18T01:21:00Z,stream_1,night,82
250.18,product_A,batch_01,2026-07-18T01:22:00Z,stream_2,day,83
250.30,product_A,batch_01,2026-07-18T01:23:00Z,stream_2,night,84
250.20,product_B,batch_01,2026-07-18T01:24:00Z,stream_1,day,85
250.31,product_B,batch_01,2026-07-18T01:25:00Z,stream_1,night,86
250.26,product_B,batch_01,2026-07-18T01:26:00Z,stream_2,day,87
250.39,product_B,batch_01,2026-07-18T01:27:00Z,stream_2,night,88
250.12,product_A,batch_02,2026-07-18T01:28:00Z,stream_1,day,89
250.23,product_A,batch_02,2026-07-18T01:29:00Z,stream_1,night,90
250.19,product_A,batch_02,2026-07-18T01:30:00Z,stream_2,day,91
250.34,product_A,batch_02,2026-07-18T01:31:00Z,stream_2,night,92
250.19,product_B,batch_02,2026-07-18T01:32:00Z,stream_1,day,93
250.34,product_B,batch_02,2026-07-18T01:33:00Z,stream_1,night,94
250.28,product_B,batch_02,2026-07-18T01:34:00Z,stream_2,day,95
250.39,product_B,batch_02,2026-07-18T01:35:00Z,stream_2,night,96
250.15,product_A,batch_02,2026-07-18T01:36:00Z,stream_1,day,97
250.24,product_A,batch_02,2026-07-18T01:37:00Z,stream_1,night,98
250.18,product_A,batch_02,2026-07-18T01:38:00Z,stream_2,day,99
250.29,product_A,batch_02,2026-07-18T01:39:00Z,stream_2,night,100
250.22,product_B,batch_02,2026-07-18T01:40:00Z,stream_1,day,101
250.31,product_B,batch_02,2026-07-18T01:41:00Z,stream_1,night,102
250.27,product_B,batch_02,2026-07-18T01:42:00Z,stream_2,day,103
250.38,product_B,batch_02,2026-07-18T01:43:00Z,stream_2,night,104
250.12,product_A,batch_02,2026-07-18T01:44:00Z,stream_1,day,105
250.23,product_A,batch_02,2026-07-18T01:45:00Z,stream_1,night,106
250.16,product_A,batch_02,2026-07-18T01:46:00Z,stream_2,day,107
250.31,product_A,batch_02,2026-07-18T01:47:00Z,stream_2,night,108
250.20,product_B,batch_02,2026-07-18T01:48:00Z,stream_1,day,109
250.31,product_B,batch_02,2026-07-18T01:49:00Z,stream_1,night,110
250.27,product_B,batch_02,2026-07-18T01:50:00Z,stream_2,day,111
250.37,product_B,batch_02,2026-07-18T01:51:00Z,stream_2,night,112
250.12,product_A,batch_02,2026-07-18T01:52:00Z,stream_1,day,113
250.25,product_A,batch_02,2026-07-18T01:53:00Z,stream_1,night,114
250.18,product_A,batch_02,2026-07-18T01:54:00Z,stream_2,day,115
250.31,product_A,batch_02,2026-07-18T01:55:00Z,stream_2,night,116
250.21,product_B,batch_02,2026-07-18T01:56:00Z,stream_1,day,117
250.33,product_B,batch_02,2026-07-18T01:57:00Z,stream_1,night,118
250.25,product_B,batch_02,2026-07-18T01:58:00Z,stream_2,day,119
250.39,product_B,batch_02,2026-07-18T01:59:00Z,stream_2,night,120
250.11,product_A,batch_02,2026-07-18T02:00:00Z,stream_1,day,121
250.24,product_A,batch_02,2026-07-18T02:01:00Z,stream_1,night,122
250.17,product_A,batch_02,2026-07-18T02:02:00Z,stream_2,day,123
250.31,product_A,batch_02,2026-07-18T02:03:00Z,stream_2,night,124
250.22,product_B,batch_02,2026-07-18T02:04:00Z,stream_1,day,125
250.30,product_B,batch_02,2026-07-18T02:05:00Z,stream_1,night,126
250.24,product_B,batch_02,2026-07-18T02:06:00Z,stream_2,day,127
250.39,product_B,batch_02,2026-07-18T02:07:00Z,stream_2,night,128
250.13,product_A,batch_02,2026-07-18T02:08:00Z,stream_1,day,129
250.22,product_A,batch_02,2026-07-18T02:09:00Z,stream_1,night,130
250.17,product_A,batch_02,2026-07-18T02:10:00Z,stream_2,day,131
250.34,product_A,batch_02,2026-07-18T02:11:00Z,stream_2,night,132
250.20,product_B,batch_02,2026-07-18T02:12:00Z,stream_1,day,133
250.32,product_B,batch_02,2026-07-18T02:13:00Z,stream_1,night,134
250.25,product_B,batch_02,2026-07-18T02:14:00Z,stream_2,day,135
250.39,product_B,batch_02,2026-07-18T02:15:00Z,stream_2,night,136
250.11,product_A,batch_02,2026-07-18T02:16:00Z,stream_1,day,137
250.23,product_A,batch_02,2026-07-18T02:17:00Z,stream_1,night,138
250.19,product_A,batch_02,2026-07-18T02:18:00Z,stream_2,day,139
250.30,product_A,batch_02,2026-07-18T02:19:00Z,stream_2,night,140
250.16,product_B,batch_02,2026-07-18T02:20:00Z,stream_1,day,141
250.31,product_B,batch_02,2026-07-18T02:21:00Z,stream_1,night,142
250.27,product_B,batch_02,2026-07-18T02:22:00Z,stream_2,day,143
250.37,product_B,batch_02,2026-07-18T02:23:00Z,stream_2,night,144
250.14,product_A,batch_02,2026-07-18T02:24:00Z,stream_1,day,145
250.25,product_A,batch_02,2026-07-18T02:25:00Z,stream_1,night,146
250.14,product_A,batch_02,2026-07-18T02:26:00Z,stream_2,day,147
250.29,product_A,batch_02,2026-07-18T02:27:00Z,stream_2,night,148
250.20,product_B,batch_02,2026-07-18T02:28:00Z,stream_1,day,149
250.32,product_B,batch_02,2026-07-18T02:29:00Z,stream_1,night,150
250.26,product_B,batch_02,2026-07-18T02:30:00Z,stream_2,day,151
250.39,product_B,batch_02,2026-07-18T02:31:00Z,stream_2,night,152
250.12,product_A,batch_02,2026-07-18T02:32:00Z,stream_1,day,153
250.24,product_A,batch_02,2026-07-18T02:33:00Z,stream_1,night,154
250.19,product_A,batch_02,2026-07-18T02:34:00Z,stream_2,day,155
250.31,product_A,batch_02,2026-07-18T02:35:00Z,stream_2,night,156
250.20,product_B,batch_02,2026-07-18T02:36:00Z,stream_1,day,157
250.33,product_B,batch_02,2026-07-18T02:37:00Z,stream_1,night,158
250.26,product_B,batch_02,2026-07-18T02:38:00Z,stream_2,day,159
250.37,product_B,batch_02,2026-07-18T02:39:00Z,stream_2,night,160
250.10,product_A,batch_02,2026-07-18T02:40:00Z,stream_1,day,161
250.23,product_A,batch_02,2026-07-18T02:41:00Z,stream_1,night,162
250.18,product_A,batch_02,2026-07-18T02:42:00Z,stream_2,day,163
250.31,product_A,batch_02,2026-07-18T02:43:00Z,stream_2,night,164
250.17,product_B,batch_02,2026-07-18T02:44:00Z,stream_1,day,165
250.31,product_B,batch_02,2026-07-18T02:45:00Z,stream_1,night,166
250.25,product_B,batch_02,2026-07-18T02:46:00Z,stream_2,day,167
250.37,product_B,batch_02,2026-07-18T02:47:00Z,stream_2,night,168
250.12,product_A,batch_02,2026-07-18T02:48:00Z,stream_1,day,169
250.24,product_A,batch_02,2026-07-18T02:49:00Z,stream_1,night,170
250.18,product_A,batch_02,2026-07-18T02:50:00Z,stream_2,day,171
250.30,product_A,batch_02,2026-07-18T02:51:00Z,stream_2,night,172
250.20,product_B,batch_02,2026-07-18T02:52:00Z,stream_1,day,173
250.31,product_B,batch_02,2026-07-18T02:53:00Z,stream_1,night,174
250.26,product_B,batch_02,2026-07-18T02:54:00Z,stream_2,day,175
250.39,product_B,batch_02,2026-07-18T02:55:00Z,stream_2,night,176
250.12,product_A,batch_03,2026-07-18T02:56:00Z,stream_1,day,177
250.23,product_A,batch_03,2026-07-18T02:57:00Z,stream_1,night,178
250.19,product_A,batch_03,2026-07-18T02:58:00Z,stream_2,day,179
250.34,product_A,batch_03,2026-07-18T02:59:00Z,stream_2,night,180
250.19,product_B,batch_03,2026-07-18T03:00:00Z,stream_1,day,181
250.34,product_B,batch_03,2026-07-18T03:01:00Z,stream_1,night,182
250.28,product_B,batch_03,2026-07-18T03:02:00Z,stream_2,day,183
250.39,product_B,batch_03,2026-07-18T03:03:00Z,stream_2,night,184
250.15,product_A,batch_03,2026-07-18T03:04:00Z,stream_1,day,185
250.24,product_A,batch_03,2026-07-18T03:05:00Z,stream_1,night,186
250.18,product_A,batch_03,2026-07-18T03:06:00Z,stream_2,day,187
250.29,product_A,batch_03,2026-07-18T03:07:00Z,stream_2,night,188
250.22,product_B,batch_03,2026-07-18T03:08:00Z,stream_1,day,189
250.31,product_B,batch_03,2026-07-18T03:09:00Z,stream_1,night,190
250.27,product_B,batch_03,2026-07-18T03:10:00Z,stream_2,day,191
250.38,product_B,batch_03,2026-07-18T03:11:00Z,stream_2,night,192
250.12,product_A,batch_03,2026-07-18T03:12:00Z,stream_1,day,193
250.23,product_A,batch_03,2026-07-18T03:13:00Z,stream_1,night,194
250.16,product_A,batch_03,2026-07-18T03:14:00Z,stream_2,day,195
250.31,product_A,batch_03,2026-07-18T03:15:00Z,stream_2,night,196
250.20,product_B,batch_03,2026-07-18T03:16:00Z,stream_1,day,197
250.31,product_B,batch_03,2026-07-18T03:17:00Z,stream_1,night,198
250.27,product_B,batch_03,2026-07-18T03:18:00Z,stream_2,day,199
250.37,product_B,batch_03,2026-07-18T03:19:00Z,stream_2,night,200
250.12,product_A,batch_03,2026-07-18T03:20:00Z,stream_1,day,201
250.25,product_A,batch_03,2026-07-18T03:21:00Z,stream_1,night,202
250.18,product_A,batch_03,2026-07-18T03:22:00Z,stream_2,day,203
250.31,product_A,batch_03,2026-07-18T03:23:00Z,stream_2,night,204
250.21,product_B,batch_03,2026-07-18T03:24:00Z,stream_1,day,205
250.33,product_B,batch_03,2026-07-18T03:25:00Z,stream_1,night,206
250.25,product_B,batch_03,2026-07-18T03:26:00Z,stream_2,day,207
250.39,product_B,batch_03,2026-07-18T03:27:00Z,stream_2,night,208
250.11,product_A,batch_03,2026-07-18T03:28:00Z,stream_1,day,209
250.24,product_A,batch_03,2026-07-18T03:29:00Z,stream_1,night,210
250.17,product_A,batch_03,2026-07-18T03:30:00Z,stream_2,day,211
250.31,product_A,batch_03,2026-07-18T03:31:00Z,stream_2,night,212
250.22,product_B,batch_03,2026-07-18T03:32:00Z,stream_1,day,213
250.30,product_B,batch_03,2026-07-18T03:33:00Z,stream_1,night,214
250.24,product_B,batch_03,2026-07-18T03:34:00Z,stream_2,day,215
250.39,product_B,batch_03,2026-07-18T03:35:00Z,stream_2,night,216
250.13,product_A,batch_03,2026-07-18T03:36:00Z,stream_1,day,217
250.22,product_A,batch_03,2026-07-18T03:37:00Z,stream_1,night,218
250.17,product_A,batch_03,2026-07-18T03:38:00Z,stream_2,day,219
250.34,product_A,batch_03,2026-07-18T03:39:00Z,stream_2,night,220
250.20,product_B,batch_03,2026-07-18T03:40:00Z,stream_1,day,221
250.32,product_B,batch_03,2026-07-18T03:41:00Z,stream_1,night,222
250.25,product_B,batch_03,2026-07-18T03:42:00Z,stream_2,day,223
250.39,product_B,batch_03,2026-07-18T03:43:00Z,stream_2,night,224
250.11,product_A,batch_03,2026-07-18T03:44:00Z,stream_1,day,225
250.23,product_A,batch_03,2026-07-18T03:45:00Z,stream_1,night,226
250.19,product_A,batch_03,2026-07-18T03:46:00Z,stream_2,day,227
250.30,product_A,batch_03,2026-07-18T03:47:00Z,stream_2,night,228
250.16,product_B,batch_03,2026-07-18T03:48:00Z,stream_1,day,229
250.31,product_B,batch_03,2026-07-18T03:49:00Z,stream_1,night,230
250.27,product_B,batch_03,2026-07-18T03:50:00Z,stream_2,day,231
250.37,product_B,batch_03,2026-07-18T03:51:00Z,stream_2,night,232
250.14,product_A,batch_03,2026-07-18T03:52:00Z,stream_1,day,233
250.25,product_A,batch_03,2026-07-18T03:53:00Z,stream_1,night,234
250.14,product_A,batch_03,2026-07-18T03:54:00Z,stream_2,day,235
250.29,product_A,batch_03,2026-07-18T03:55:00Z,stream_2,night,236
250.20,product_B,batch_03,2026-07-18T03:56:00Z,stream_1,day,237
250.32,product_B,batch_03,2026-07-18T03:57:00Z,stream_1,night,238
250.26,product_B,batch_03,2026-07-18T03:58:00Z,stream_2,day,239
250.39,product_B,batch_03,2026-07-18T03:59:00Z,stream_2,night,240
250.12,product_A,batch_03,2026-07-18T04:00:00Z,stream_1,day,241
250.24,product_A,batch_03,2026-07-18T04:01:00Z,stream_1,night,242
250.19,product_A,batch_03,2026-07-18T04:02:00Z,stream_2,day,243
250.31,product_A,batch_03,2026-07-18T04:03:00Z,stream_2,night,244
250.20,product_B,batch_03,2026-07-18T04:04:00Z,stream_1,day,245
250.33,product_B,batch_03,2026-07-18T04:05:00Z,stream_1,night,246
250.26,product_B,batch_03,2026-07-18T04:06:00Z,stream_2,day,247
250.37,product_B,batch_03,2026-07-18T04:07:00Z,stream_2,night,248
250.10,product_A,batch_03,2026-07-18T04:08:00Z,stream_1,day,249
250.23,product_A,batch_03,2026-07-18T04:09:00Z,stream_1,night,250
250.18,product_A,batch_03,2026-07-18T04:10:00Z,stream_2,day,251
250.31,product_A,batch_03,2026-07-18T04:11:00Z,stream_2,night,252
250.17,product_B,batch_03,2026-07-18T04:12:00Z,stream_1,day,253
250.31,product_B,batch_03,2026-07-18T04:13:00Z,stream_1,night,254
250.25,product_B,batch_03,2026-07-18T04:14:00Z,stream_2,day,255
250.37,product_B,batch_03,2026-07-18T04:15:00Z,stream_2,night,256
250.12,product_A,batch_03,2026-07-18T04:16:00Z,stream_1,day,257
250.24,product_A,batch_03,2026-07-18T04:17:00Z,stream_1,night,258
250.18,product_A,batch_03,2026-07-18T04:18:00Z,stream_2,day,259
250.30,product_A,batch_03,2026-07-18T04:19:00Z,stream_2,night,260
250.20,product_B,batch_03,2026-07-18T04:20:00Z,stream_1,day,261
250.31,product_B,batch_03,2026-07-18T04:21:00Z,stream_1,night,262
250.26,product_B,batch_03,2026-07-18T04:22:00Z,stream_2,day,263
250.39,product_B,batch_03,2026-07-18T04:23:00Z,stream_2,night,264
250.12,product_A,batch_04,2026-07-18T04:24:00Z,stream_1,day,265
250.23,product_A,batch_04,2026-07-18T04:25:00Z,stream_1,night,266
250.19,product_A,batch_04,2026-07-18T04:26:00Z,stream_2,day,267
250.34,product_A,batch_04,2026-07-18T04:27:00Z,stream_2,night,268
250.19,product_B,batch_04,2026-07-18T04:28:00Z,stream_1,day,269
250.34,product_B,batch_04,2026-07-18T04:29:00Z,stream_1,night,270
250.28,product_B,batch_04,2026-07-18T04:30:00Z,stream_2,day,271
250.39,product_B,batch_04,2026-07-18T04:31:00Z,stream_2,night,272
250.15,product_A,batch_04,2026-07-18T04:32:00Z,stream_1,day,273
250.24,product_A,batch_04,2026-07-18T04:33:00Z,stream_1,night,274
250.18,product_A,batch_04,2026-07-18T04:34:00Z,stream_2,day,275
250.29,product_A,batch_04,2026-07-18T04:35:00Z,stream_2,night,276
250.22,product_B,batch_04,2026-07-18T04:36:00Z,stream_1,day,277
250.31,product_B,batch_04,2026-07-18T04:37:00Z,stream_1,night,278
250.27,product_B,batch_04,2026-07-18T04:38:00Z,stream_2,day,279
250.38,product_B,batch_04,2026-07-18T04:39:00Z,stream_2,night,280
250.12,product_A,batch_04,2026-07-18T04:40:00Z,stream_1,day,281
250.23,product_A,batch_04,2026-07-18T04:41:00Z,stream_1,night,282
250.16,product_A,batch_04,2026-07-18T04:42:00Z,stream_2,day,283
250.31,product_A,batch_04,2026-07-18T04:43:00Z,stream_2,night,284
250.20,product_B,batch_04,2026-07-18T04:44:00Z,stream_1,day,285
250.31,product_B,batch_04,2026-07-18T04:45:00Z,stream_1,night,286
250.27,product_B,batch_04,2026-07-18T04:46:00Z,stream_2,day,287
250.37,product_B,batch_04,2026-07-18T04:47:00Z,stream_2,night,288
250.12,product_A,batch_04,2026-07-18T04:48:00Z,stream_1,day,289
250.25,product_A,batch_04,2026-07-18T04:49:00Z,stream_1,night,290
250.18,product_A,batch_04,2026-07-18T04:50:00Z,stream_2,day,291
250.31,product_A,batch_04,2026-07-18T04:51:00Z,stream_2,night,292
250.21,product_B,batch_04,2026-07-18T04:52:00Z,stream_1,day,293
250.33,product_B,batch_04,2026-07-18T04:53:00Z,stream_1,night,294
250.25,product_B,batch_04,2026-07-18T04:54:00Z,stream_2,day,295
250.39,product_B,batch_04,2026-07-18T04:55:00Z,stream_2,night,296
250.11,product_A,batch_04,2026-07-18T04:56:00Z,stream_1,day,297
250.24,product_A,batch_04,2026-07-18T04:57:00Z,stream_1,night,298
250.17,product_A,batch_04,2026-07-18T04:58:00Z,stream_2,day,299
250.31,product_A,batch_04,2026-07-18T04:59:00Z,stream_2,night,300
250.22,product_B,batch_04,2026-07-18T05:00:00Z,stream_1,day,301
250.30,product_B,batch_04,2026-07-18T05:01:00Z,stream_1,night,302
250.24,product_B,batch_04,2026-07-18T05:02:00Z,stream_2,day,303
250.39,product_B,batch_04,2026-07-18T05:03:00Z,stream_2,night,304
250.13,product_A,batch_04,2026-07-18T05:04:00Z,stream_1,day,305
250.22,product_A,batch_04,2026-07-18T05:05:00Z,stream_1,night,306
250.17,product_A,batch_04,2026-07-18T05:06:00Z,stream_2,day,307
250.34,product_A,batch_04,2026-07-18T05:07:00Z,stream_2,night,308
250.20,product_B,batch_04,2026-07-18T05:08:00Z,stream_1,day,309
250.32,product_B,batch_04,2026-07-18T05:09:00Z,stream_1,night,310
250.25,product_B,batch_04,2026-07-18T05:10:00Z,stream_2,day,311
250.39,product_B,batch_04,2026-07-18T05:11:00Z,stream_2,night,312
250.11,product_A,batch_04,2026-07-18T05:12:00Z,stream_1,day,313
250.23,product_A,batch_04,2026-07-18T05:13:00Z,stream_1,night,314
250.19,product_A,batch_04,2026-07-18T05:14:00Z,stream_2,day,315
250.30,product_A,batch_04,2026-07-18T05:15:00Z,stream_2,night,316
250.16,product_B,batch_04,2026-07-18T05:16:00Z,stream_1,day,317
250.31,product_B,batch_04,2026-07-18T05:17:00Z,stream_1,night,318
250.27,product_B,batch_04,2026-07-18T05:18:00Z,stream_2,day,319
250.37,product_B,batch_04,2026-07-18T05:19:00Z,stream_2,night,320
250.14,product_A,batch_04,2026-07-18T05:20:00Z,stream_1,day,321
250.25,product_A,batch_04,2026-07-18T05:21:00Z,stream_1,night,322
250.14,product_A,batch_04,2026-07-18T05:22:00Z,stream_2,day,323
250.29,product_A,batch_04,2026-07-18T05:23:00Z,stream_2,night,324
250.20,product_B,batch_04,2026-07-18T05:24:00Z,stream_1,day,325
250.32,product_B,batch_04,2026-07-18T05:25:00Z,stream_1,night,326
250.26,product_B,batch_04,2026-07-18T05:26:00Z,stream_2,day,327
250.39,product_B,batch_04,2026-07-18T05:27:00Z,stream_2,night,328
250.12,product_A,batch_04,2026-07-18T05:28:00Z,stream_1,day,329
250.24,product_A,batch_04,2026-07-18T05:29:00Z,stream_1,night,330
250.19,product_A,batch_04,2026-07-18T05:30:00Z,stream_2,day,331
250.31,product_A,batch_04,2026-07-18T05:31:00Z,stream_2,night,332
250.20,product_B,batch_04,2026-07-18T05:32:00Z,stream_1,day,333
250.33,product_B,batch_04,2026-07-18T05:33:00Z,stream_1,night,334
250.26,product_B,batch_04,2026-07-18T05:34:00Z,stream_2,day,335
250.37,product_B,batch_04,2026-07-18T05:35:00Z,stream_2,night,336
250.10,product_A,batch_04,2026-07-18T05:36:00Z,stream_1,day,337
250.23,product_A,batch_04,2026-07-18T05:37:00Z,stream_1,night,338
250.18,product_A,batch_04,2026-07-18T05:38:00Z,stream_2,day,339
250.31,product_A,batch_04,2026-07-18T05:39:00Z,stream_2,night,340
250.17,product_B,batch_04,2026-07-18T05:40:00Z,stream_1,day,341
250.31,product_B,batch_04,2026-07-18T05:41:00Z,stream_1,night,342
250.25,product_B,batch_04,2026-07-18T05:42:00Z,stream_2,day,343
250.37,product_B,batch_04,2026-07-18T05:43:00Z,stream_2,night,344
250.12,product_A,batch_04,2026-07-18T05:44:00Z,stream_1,day,345
250.24,product_A,batch_04,2026-07-18T05:45:00Z,stream_1,night,346
250.18,product_A,batch_04,2026-07-18T05:46:00Z,stream_2,day,347
250.30,product_A,batch_04,2026-07-18T05:47:00Z,stream_2,night,348
250.20,product_B,batch_04,2026-07-18T05:48:00Z,stream_1,day,349
250.31,product_B,batch_04,2026-07-18T05:49:00Z,stream_1,night,350
250.26,product_B,batch_04,2026-07-18T05:50:00Z,stream_2,day,351
250.39,product_B,batch_04,2026-07-18T05:51:00Z,stream_2,night,352
250.12,product_A,batch_05,2026-07-18T05:52:00Z,stream_1,day,353
250.23,product_A,batch_05,2026-07-18T05:53:00Z,stream_1,night,354
250.19,product_A,batch_05,2026-07-18T05:54:00Z,stream_2,day,355
250.34,product_A,batch_05,2026-07-18T05:55:00Z,stream_2,night,356
250.19,product_B,batch_05,2026-07-18T05:56:00Z,stream_1,day,357
250.34,product_B,batch_05,2026-07-18T05:57:00Z,stream_1,night,358
250.28,product_B,batch_05,2026-07-18T05:58:00Z,stream_2,day,359
250.39,product_B,batch_05,2026-07-18T05:59:00Z,stream_2,night,360
250.15,product_A,batch_05,2026-07-18T06:00:00Z,stream_1,day,361
250.24,product_A,batch_05,2026-07-18T06:01:00Z,stream_1,night,362
250.18,product_A,batch_05,2026-07-18T06:02:00Z,stream_2,day,363
250.29,product_A,batch_05,2026-07-18T06:03:00Z,stream_2,night,364
250.22,product_B,batch_05,2026-07-18T06:04:00Z,stream_1,day,365
250.31,product_B,batch_05,2026-07-18T06:05:00Z,stream_1,night,366
250.27,product_B,batch_05,2026-07-18T06:06:00Z,stream_2,day,367
250.38,product_B,batch_05,2026-07-18T06:07:00Z,stream_2,night,368
250.12,product_A,batch_05,2026-07-18T06:08:00Z,stream_1,day,369
250.23,product_A,batch_05,2026-07-18T06:09:00Z,stream_1,night,370
250.16,product_A,batch_05,2026-07-18T06:10:00Z,stream_2,day,371
250.31,product_A,batch_05,2026-07-18T06:11:00Z,stream_2,night,372
250.20,product_B,batch_05,2026-07-18T06:12:00Z,stream_1,day,373
250.31,product_B,batch_05,2026-07-18T06:13:00Z,stream_1,night,374
250.27,product_B,batch_05,2026-07-18T06:14:00Z,stream_2,day,375
250.37,product_B,batch_05,2026-07-18T06:15:00Z,stream_2,night,376
250.12,product_A,batch_05,2026-07-18T06:16:00Z,stream_1,day,377
250.25,product_A,batch_05,2026-07-18T06:17:00Z,stream_1,night,378
250.18,product_A,batch_05,2026-07-18T06:18:00Z,stream_2,day,379
250.31,product_A,batch_05,2026-07-18T06:19:00Z,stream_2,night,380
250.21,product_B,batch_05,2026-07-18T06:20:00Z,stream_1,day,381
250.33,product_B,batch_05,2026-07-18T06:21:00Z,stream_1,night,382
250.25,product_B,batch_05,2026-07-18T06:22:00Z,stream_2,day,383
250.39,product_B,batch_05,2026-07-18T06:23:00Z,stream_2,night,384
250.11,product_A,batch_05,2026-07-18T06:24:00Z,stream_1,day,385
250.24,product_A,batch_05,2026-07-18T06:25:00Z,stream_1,night,386
250.17,product_A,batch_05,2026-07-18T06:26:00Z,stream_2,day,387
250.31,product_A,batch_05,2026-07-18T06:27:00Z,stream_2,night,388
250.22,product_B,batch_05,2026-07-18T06:28:00Z,stream_1,day,389
250.30,product_B,batch_05,2026-07-18T06:29:00Z,stream_1,night,390
250.24,product_B,batch_05,2026-07-18T06:30:00Z,stream_2,day,391
250.39,product_B,batch_05,2026-07-18T06:31:00Z,stream_2,night,392
250.13,product_A,batch_05,2026-07-18T06:32:00Z,stream_1,day,393
250.22,product_A,batch_05,2026-07-18T06:33:00Z,stream_1,night,394
250.17,product_A,batch_05,2026-07-18T06:34:00Z,stream_2,day,395
250.34,product_A,batch_05,2026-07-18T06:35:00Z,stream_2,night,396
250.20,product_B,batch_05,2026-07-18T06:36:00Z,stream_1,day,397
250.32,product_B,batch_05,2026-07-18T06:37:00Z,stream_1,night,398
250.25,product_B,batch_05,2026-07-18T06:38:00Z,stream_2,day,399
250.39,product_B,batch_05,2026-07-18T06:39:00Z,stream_2,night,400
250.11,product_A,batch_05,2026-07-18T06:40:00Z,stream_1,day,401
250.23,product_A,batch_05,2026-07-18T06:41:00Z,stream_1,night,402
250.19,product_A,batch_05,2026-07-18T06:42:00Z,stream_2,day,403
250.30,product_A,batch_05,2026-07-18T06:43:00Z,stream_2,night,404
250.16,product_B,batch_05,2026-07-18T06:44:00Z,stream_1,day,405
250.31,product_B,batch_05,2026-07-18T06:45:00Z,stream_1,night,406
250.27,product_B,batch_05,2026-07-18T06:46:00Z,stream_2,day,407
250.37,product_B,batch_05,2026-07-18T06:47:00Z,stream_2,night,408
250.14,product_A,batch_05,2026-07-18T06:48:00Z,stream_1,day,409
250.25,product_A,batch_05,2026-07-18T06:49:00Z,stream_1,night,410
250.14,product_A,batch_05,2026-07-18T06:50:00Z,stream_2,day,411
250.29,product_A,batch_05,2026-07-18T06:51:00Z,stream_2,night,412
250.20,product_B,batch_05,2026-07-18T06:52:00Z,stream_1,day,413
250.32,product_B,batch_05,2026-07-18T06:53:00Z,stream_1,night,414
250.26,product_B,batch_05,2026-07-18T06:54:00Z,stream_2,day,415
250.39,product_B,batch_05,2026-07-18T06:55:00Z,stream_2,night,416
250.12,product_A,batch_05,2026-07-18T06:56:00Z,stream_1,day,417
250.24,product_A,batch_05,2026-07-18T06:57:00Z,stream_1,night,418
250.19,product_A,batch_05,2026-07-18T06:58:00Z,stream_2,day,419
250.31,product_A,batch_05,2026-07-18T06:59:00Z,stream_2,night,420
250.20,product_B,batch_05,2026-07-18T07:00:00Z,stream_1,day,421
250.33,product_B,batch_05,2026-07-18T07:01:00Z,stream_1,night,422
250.26,product_B,batch_05,2026-07-18T07:02:00Z,stream_2,day,423
250.37,product_B,batch_05,2026-07-18T07:03:00Z,stream_2,night,424
250.10,product_A,batch_05,2026-07-18T07:04:00Z,stream_1,day,425
250.23,product_A,batch_05,2026-07-18T07:05:00Z,stream_1,night,426
250.18,product_A,batch_05,2026-07-18T07:06:00Z,stream_2,day,427
250.31,product_A,batch_05,2026-07-18T07:07:00Z,stream_2,night,428
250.17,product_B,batch_05,2026-07-18T07:08:00Z,stream_1,day,429
250.31,product_B,batch_05,2026-07-18T07:09:00Z,stream_1,night,430
250.25,product_B,batch_05,2026-07-18T07:10:00Z,stream_2,day,431
250.37,product_B,batch_05,2026-07-18T07:11:00Z,stream_2,night,432
250.12,product_A,batch_05,2026-07-18T07:12:00Z,stream_1,day,433
250.24,product_A,batch_05,2026-07-18T07:13:00Z,stream_1,night,434
250.18,product_A,batch_05,2026-07-18T07:14:00Z,stream_2,day,435
250.30,product_A,batch_05,2026-07-18T07:15:00Z,stream_2,night,436
250.20,product_B,batch_05,2026-07-18T07:16:00Z,stream_1,day,437
250.31,product_B,batch_05,2026-07-18T07:17:00Z,stream_1,night,438
250.26,product_B,batch_05,2026-07-18T07:18:00Z,stream_2,day,439
250.39,product_B,batch_05,2026-07-18T07:19:00Z,stream_2,night,440
250.12,product_A,batch_06,2026-07-18T07:20:00Z,stream_1,day,441
250.23,product_A,batch_06,2026-07-18T07:21:00Z,stream_1,night,442
250.19,product_A,batch_06,2026-07-18T07:22:00Z,stream_2,day,443
250.34,product_A,batch_06,2026-07-18T07:23:00Z,stream_2,night,444
250.19,product_B,batch_06,2026-07-18T07:24:00Z,stream_1,day,445
250.34,product_B,batch_06,2026-07-18T07:25:00Z,stream_1,night,446
250.28,product_B,batch_06,2026-07-18T07:26:00Z,stream_2,day,447
250.39,product_B,batch_06,2026-07-18T07:27:00Z,stream_2,night,448
250.15,product_A,batch_06,2026-07-18T07:28:00Z,stream_1,day,449
250.24,product_A,batch_06,2026-07-18T07:29:00Z,stream_1,night,450
250.18,product_A,batch_06,2026-07-18T07:30:00Z,stream_2,day,451
250.29,product_A,batch_06,2026-07-18T07:31:00Z,stream_2,night,452
250.22,product_B,batch_06,2026-07-18T07:32:00Z,stream_1,day,453
250.31,product_B,batch_06,2026-07-18T07:33:00Z,stream_1,night,454
250.27,product_B,batch_06,2026-07-18T07:34:00Z,stream_2,day,455
250.38,product_B,batch_06,2026-07-18T07:35:00Z,stream_2,night,456
250.12,product_A,batch_06,2026-07-18T07:36:00Z,stream_1,day,457
250.23,product_A,batch_06,2026-07-18T07:37:00Z,stream_1,night,458
250.16,product_A,batch_06,2026-07-18T07:38:00Z,stream_2,day,459
250.31,product_A,batch_06,2026-07-18T07:39:00Z,stream_2,night,460
250.20,product_B,batch_06,2026-07-18T07:40:00Z,stream_1,day,461
250.31,product_B,batch_06,2026-07-18T07:41:00Z,stream_1,night,462
250.27,product_B,batch_06,2026-07-18T07:42:00Z,stream_2,day,463
250.37,product_B,batch_06,2026-07-18T07:43:00Z,stream_2,night,464
250.12,product_A,batch_06,2026-07-18T07:44:00Z,stream_1,day,465
250.25,product_A,batch_06,2026-07-18T07:45:00Z,stream_1,night,466
250.18,product_A,batch_06,2026-07-18T07:46:00Z,stream_2,day,467
250.31,product_A,batch_06,2026-07-18T07:47:00Z,stream_2,night,468
250.21,product_B,batch_06,2026-07-18T07:48:00Z,stream_1,day,469
250.33,product_B,batch_06,2026-07-18T07:49:00Z,stream_1,night,470
250.25,product_B,batch_06,2026-07-18T07:50:00Z,stream_2,day,471
250.39,product_B,batch_06,2026-07-18T07:51:00Z,stream_2,night,472
250.11,product_A,batch_06,2026-07-18T07:52:00Z,stream_1,day,473
250.24,product_A,batch_06,2026-07-18T07:53:00Z,stream_1,night,474
250.17,product_A,batch_06,2026-07-18T07:54:00Z,stream_2,day,475
250.31,product_A,batch_06,2026-07-18T07:55:00Z,stream_2,night,476
250.22,product_B,batch_06,2026-07-18T07:56:00Z,stream_1,day,477
250.30,product_B,batch_06,2026-07-18T07:57:00Z,stream_1,night,478
250.24,product_B,batch_06,2026-07-18T07:58:00Z,stream_2,day,479
250.39,product_B,batch_06,2026-07-18T07:59:00Z,stream_2,night,480
250.13,product_A,batch_06,2026-07-18T08:00:00Z,stream_1,day,481
250.22,product_A,batch_06,2026-07-18T08:01:00Z,stream_1,night,482
250.17,product_A,batch_06,2026-07-18T08:02:00Z,stream_2,day,483
250.34,product_A,batch_06,2026-07-18T08:03:00Z,stream_2,night,484
250.20,product_B,batch_06,2026-07-18T08:04:00Z,stream_1,day,485
250.32,product_B,batch_06,2026-07-18T08:05:00Z,stream_1,night,486
250.25,product_B,batch_06,2026-07-18T08:06:00Z,stream_2,day,487
250.39,product_B,batch_06,2026-07-18T08:07:00Z,stream_2,night,488
250.11,product_A,batch_06,2026-07-18T08:08:00Z,stream_1,day,489
250.23,product_A,batch_06,2026-07-18T08:09:00Z,stream_1,night,490
250.19,product_A,batch_06,2026-07-18T08:10:00Z,stream_2,day,491
250.30,product_A,batch_06,2026-07-18T08:11:00Z,stream_2,night,492
250.16,product_B,batch_06,2026-07-18T08:12:00Z,stream_1,day,493
250.31,product_B,batch_06,2026-07-18T08:13:00Z,stream_1,night,494
250.27,product_B,batch_06,2026-07-18T08:14:00Z,stream_2,day,495
250.37,product_B,batch_06,2026-07-18T08:15:00Z,stream_2,night,496
250.14,product_A,batch_06,2026-07-18T08:16:00Z,stream_1,day,497
250.25,product_A,batch_06,2026-07-18T08:17:00Z,stream_1,night,498
250.14,product_A,batch_06,2026-07-18T08:18:00Z,stream_2,day,499
250.29,product_A,batch_06,2026-07-18T08:19:00Z,stream_2,night,500
250.20,product_B,batch_06,2026-07-18T08:20:00Z,stream_1,day,501
250.32,product_B,batch_06,2026-07-18T08:21:00Z,stream_1,night,502
250.26,product_B,batch_06,2026-07-18T08:22:00Z,stream_2,day,503
250.39,product_B,batch_06,2026-07-18T08:23:00Z,stream_2,night,504
250.12,product_A,batch_06,2026-07-18T08:24:00Z,stream_1,day,505
250.24,product_A,batch_06,2026-07-18T08:25:00Z,stream_1,night,506
250.19,product_A,batch_06,2026-07-18T08:26:00Z,stream_2,day,507
250.31,product_A,batch_06,2026-07-18T08:27:00Z,stream_2,night,508
250.20,product_B,batch_06,2026-07-18T08:28:00Z,stream_1,day,509
250.33,product_B,batch_06,2026-07-18T08:29:00Z,stream_1,night,510
250.26,product_B,batch_06,2026-07-18T08:30:00Z,stream_2,day,511
250.37,product_B,batch_06,2026-07-18T08:31:00Z,stream_2,night,512
250.10,product_A,batch_06,2026-07-18T08:32:00Z,stream_1,day,513
250.23,product_A,batch_06,2026-07-18T08:33:00Z,stream_1,night,514
250.18,product_A,batch_06,2026-07-18T08:34:00Z,stream_2,day,515
250.31,product_A,batch_06,2026-07-18T08:35:00Z,stream_2,night,516
250.17,product_B,batch_06,2026-07-18T08:36:00Z,stream_1,day,517
250.31,product_B,batch_06,2026-07-18T08:37:00Z,stream_1,night,518
250.25,product_B,batch_06,2026-07-18T08:38:00Z,stream_2,day,519
250.37,product_B,batch_06,2026-07-18T08:39:00Z,stream_2,night,520
250.12,product_A,batch_06,2026-07-18T08:40:00Z,stream_1,day,521
250.24,product_A,batch_06,2026-07-18T08:41:00Z,stream_1,night,522
250.18,product_A,batch_06,2026-07-18T08:42:00Z,stream_2,day,523
250.30,product_A,batch_06,2026-07-18T08:43:00Z,stream_2,night,524
250.20,product_B,batch_06,2026-07-18T08:44:00Z,stream_1,day,525
250.31,product_B,batch_06,2026-07-18T08:45:00Z,stream_1,night,526
250.26,product_B,batch_06,2026-07-18T08:46:00Z,stream_2,day,527
250.39,product_B,batch_06,2026-07-18T08:47:00Z,stream_2,night,528
250.12,product_A,batch_07,2026-07-18T08:48:00Z,stream_1,day,529
250.23,product_A,batch_07,2026-07-18T08:49:00Z,stream_1,night,530
250.19,product_A,batch_07,2026-07-18T08:50:00Z,stream_2,day,531
250.34,product_A,batch_07,2026-07-18T08:51:00Z,stream_2,night,532
250.19,product_B,batch_07,2026-07-18T08:52:00Z,stream_1,day,533
250.34,product_B,batch_07,2026-07-18T08:53:00Z,stream_1,night,534
250.28,product_B,batch_07,2026-07-18T08:54:00Z,stream_2,day,535
250.39,product_B,batch_07,2026-07-18T08:55:00Z,stream_2,night,536
250.15,product_A,batch_07,2026-07-18T08:56:00Z,stream_1,day,537
250.24,product_A,batch_07,2026-07-18T08:57:00Z,stream_1,night,538
250.18,product_A,batch_07,2026-07-18T08:58:00Z,stream_2,day,539
250.29,product_A,batch_07,2026-07-18T08:59:00Z,stream_2,night,540
250.22,product_B,batch_07,2026-07-18T09:00:00Z,stream_1,day,541
250.31,product_B,batch_07,2026-07-18T09:01:00Z,stream_1,night,542
250.27,product_B,batch_07,2026-07-18T09:02:00Z,stream_2,day,543
250.38,product_B,batch_07,2026-07-18T09:03:00Z,stream_2,night,544
250.12,product_A,batch_07,2026-07-18T09:04:00Z,stream_1,day,545
250.23,product_A,batch_07,2026-07-18T09:05:00Z,stream_1,night,546
250.16,product_A,batch_07,2026-07-18T09:06:00Z,stream_2,day,547
250.31,product_A,batch_07,2026-07-18T09:07:00Z,stream_2,night,548
250.20,product_B,batch_07,2026-07-18T09:08:00Z,stream_1,day,549
250.31,product_B,batch_07,2026-07-18T09:09:00Z,stream_1,night,550
250.27,product_B,batch_07,2026-07-18T09:10:00Z,stream_2,day,551
250.37,product_B,batch_07,2026-07-18T09:11:00Z,stream_2,night,552
250.12,product_A,batch_07,2026-07-18T09:12:00Z,stream_1,day,553
250.25,product_A,batch_07,2026-07-18T09:13:00Z,stream_1,night,554
250.18,product_A,batch_07,2026-07-18T09:14:00Z,stream_2,day,555
250.31,product_A,batch_07,2026-07-18T09:15:00Z,stream_2,night,556
250.21,product_B,batch_07,2026-07-18T09:16:00Z,stream_1,day,557
250.33,product_B,batch_07,2026-07-18T09:17:00Z,stream_1,night,558
250.25,product_B,batch_07,2026-07-18T09:18:00Z,stream_2,day,559
250.39,product_B,batch_07,2026-07-18T09:19:00Z,stream_2,night,560
250.11,product_A,batch_07,2026-07-18T09:20:00Z,stream_1,day,561
250.24,product_A,batch_07,2026-07-18T09:21:00Z,stream_1,night,562
250.17,product_A,batch_07,2026-07-18T09:22:00Z,stream_2,day,563
250.31,product_A,batch_07,2026-07-18T09:23:00Z,stream_2,night,564
250.22,product_B,batch_07,2026-07-18T09:24:00Z,stream_1,day,565
250.30,product_B,batch_07,2026-07-18T09:25:00Z,stream_1,night,566
250.24,product_B,batch_07,2026-07-18T09:26:00Z,stream_2,day,567
250.39,product_B,batch_07,2026-07-18T09:27:00Z,stream_2,night,568
250.13,product_A,batch_07,2026-07-18T09:28:00Z,stream_1,day,569
250.22,product_A,batch_07,2026-07-18T09:29:00Z,stream_1,night,570
250.17,product_A,batch_07,2026-07-18T09:30:00Z,stream_2,day,571
250.34,product_A,batch_07,2026-07-18T09:31:00Z,stream_2,night,572
250.20,product_B,batch_07,2026-07-18T09:32:00Z,stream_1,day,573
250.32,product_B,batch_07,2026-07-18T09:33:00Z,stream_1,night,574
250.25,product_B,batch_07,2026-07-18T09:34:00Z,stream_2,day,575
250.39,product_B,batch_07,2026-07-18T09:35:00Z,stream_2,night,576
250.11,product_A,batch_07,2026-07-18T09:36:00Z,stream_1,day,577
250.23,product_A,batch_07,2026-07-18T09:37:00Z,stream_1,night,578
250.19,product_A,batch_07,2026-07-18T09:38:00Z,stream_2,day,579
250.30,product_A,batch_07,2026-07-18T09:39:00Z,stream_2,night,580
250.16,product_B,batch_07,2026-07-18T09:40:00Z,stream_1,day,581
250.31,product_B,batch_07,2026-07-18T09:41:00Z,stream_1,night,582
250.27,product_B,batch_07,2026-07-18T09:42:00Z,stream_2,day,583
250.37,product_B,batch_07,2026-07-18T09:43:00Z,stream_2,night,584
250.14,product_A,batch_07,2026-07-18T09:44:00Z,stream_1,day,585
250.25,product_A,batch_07,2026-07-18T09:45:00Z,stream_1,night,586
250.14,product_A,batch_07,2026-07-18T09:46:00Z,stream_2,day,587
250.29,product_A,batch_07,2026-07-18T09:47:00Z,stream_2,night,588
250.20,product_B,batch_07,2026-07-18T09:48:00Z,stream_1,day,589
250.32,product_B,batch_07,2026-07-18T09:49:00Z,stream_1,night,590
250.26,product_B,batch_07,2026-07-18T09:50:00Z,stream_2,day,591
250.39,product_B,batch_07,2026-07-18T09:51:00Z,stream_2,night,592
250.12,product_A,batch_07,2026-07-18T09:52:00Z,stream_1,day,593
250.24,product_A,batch_07,2026-07-18T09:53:00Z,stream_1,night,594
250.19,product_A,batch_07,2026-07-18T09:54:00Z,stream_2,day,595
250.31,product_A,batch_07,2026-07-18T09:55:00Z,stream_2,night,596
250.20,product_B,batch_07,2026-07-18T09:56:00Z,stream_1,day,597
250.33,product_B,batch_07,2026-07-18T09:57:00Z,stream_1,night,598
250.26,product_B,batch_07,2026-07-18T09:58:00Z,stream_2,day,599
250.37,product_B,batch_07,2026-07-18T09:59:00Z,stream_2,night,600
250.10,product_A,batch_07,2026-07-18T10:00:00Z,stream_1,day,601
250.23,product_A,batch_07,2026-07-18T10:01:00Z,stream_1,night,602
250.18,product_A,batch_07,2026-07-18T10:02:00Z,stream_2,day,603
250.31,product_A,batch_07,2026-07-18T10:03:00Z,stream_2,night,604
250.17,product_B,batch_07,2026-07-18T10:04:00Z,stream_1,day,605
250.31,product_B,batch_07,2026-07-18T10:05:00Z,stream_1,night,606
250.25,product_B,batch_07,2026-07-18T10:06:00Z,stream_2,day,607
250.37,product_B,batch_07,2026-07-18T10:07:00Z,stream_2,night,608
250.12,product_A,batch_07,2026-07-18T10:08:00Z,stream_1,day,609
250.24,product_A,batch_07,2026-07-18T10:09:00Z,stream_1,night,610
250.18,product_A,batch_07,2026-07-18T10:10:00Z,stream_2,day,611
250.30,product_A,batch_07,2026-07-18T10:11:00Z,stream_2,night,612
250.20,product_B,batch_07,2026-07-18T10:12:00Z,stream_1,day,613
250.31,product_B,batch_07,2026-07-18T10:13:00Z,stream_1,night,614
250.26,product_B,batch_07,2026-07-18T10:14:00Z,stream_2,day,615
250.39,product_B,batch_07,2026-07-18T10:15:00Z,stream_2,night,616
250.12,product_A,batch_08,2026-07-18T10:16:00Z,stream_1,day,617
250.23,product_A,batch_08,2026-07-18T10:17:00Z,stream_1,night,618
250.19,product_A,batch_08,2026-07-18T10:18:00Z,stream_2,day,619
250.34,product_A,batch_08,2026-07-18T10:19:00Z,stream_2,night,620
250.19,product_B,batch_08,2026-07-18T10:20:00Z,stream_1,day,621
250.34,product_B,batch_08,2026-07-18T10:21:00Z,stream_1,night,622
250.28,product_B,batch_08,2026-07-18T10:22:00Z,stream_2,day,623
250.39,product_B,batch_08,2026-07-18T10:23:00Z,stream_2,night,624
250.15,product_A,batch_08,2026-07-18T10:24:00Z,stream_1,day,625
250.24,product_A,batch_08,2026-07-18T10:25:00Z,stream_1,night,626
250.18,product_A,batch_08,2026-07-18T10:26:00Z,stream_2,day,627
250.29,product_A,batch_08,2026-07-18T10:27:00Z,stream_2,night,628
250.22,product_B,batch_08,2026-07-18T10:28:00Z,stream_1,day,629
250.31,product_B,batch_08,2026-07-18T10:29:00Z,stream_1,night,630
250.27,product_B,batch_08,2026-07-18T10:30:00Z,stream_2,day,631
250.38,product_B,batch_08,2026-07-18T10:31:00Z,stream_2,night,632
250.12,product_A,batch_08,2026-07-18T10:32:00Z,stream_1,day,633
250.23,product_A,batch_08,2026-07-18T10:33:00Z,stream_1,night,634
250.16,product_A,batch_08,2026-07-18T10:34:00Z,stream_2,day,635
250.31,product_A,batch_08,2026-07-18T10:35:00Z,stream_2,night,636
250.20,product_B,batch_08,2026-07-18T10:36:00Z,stream_1,day,637
250.31,product_B,batch_08,2026-07-18T10:37:00Z,stream_1,night,638
250.27,product_B,batch_08,2026-07-18T10:38:00Z,stream_2,day,639
250.37,product_B,batch_08,2026-07-18T10:39:00Z,stream_2,night,640
250.12,product_A,batch_08,2026-07-18T10:40:00Z,stream_1,day,641
250.25,product_A,batch_08,2026-07-18T10:41:00Z,stream_1,night,642
250.18,product_A,batch_08,2026-07-18T10:42:00Z,stream_2,day,643
250.31,product_A,batch_08,2026-07-18T10:43:00Z,stream_2,night,644
250.21,product_B,batch_08,2026-07-18T10:44:00Z,stream_1,day,645
250.33,product_B,batch_08,2026-07-18T10:45:00Z,stream_1,night,646
250.25,product_B,batch_08,2026-07-18T10:46:00Z,stream_2,day,647
250.39,product_B,batch_08,2026-07-18T10:47:00Z,stream_2,night,648
250.11,product_A,batch_08,2026-07-18T10:48:00Z,stream_1,day,649
250.24,product_A,batch_08,2026-07-18T10:49:00Z,stream_1,night,650
250.17,product_A,batch_08,2026-07-18T10:50:00Z,stream_2,day,651
250.31,product_A,batch_08,2026-07-18T10:51:00Z,stream_2,night,652
250.22,product_B,batch_08,2026-07-18T10:52:00Z,stream_1,day,653
250.30,product_B,batch_08,2026-07-18T10:53:00Z,stream_1,night,654
250.24,product_B,batch_08,2026-07-18T10:54:00Z,stream_2,day,655
250.39,product_B,batch_08,2026-07-18T10:55:00Z,stream_2,night,656
250.13,product_A,batch_08,2026-07-18T10:56:00Z,stream_1,day,657
250.22,product_A,batch_08,2026-07-18T10:57:00Z,stream_1,night,658
250.17,product_A,batch_08,2026-07-18T10:58:00Z,stream_2,day,659
250.34,product_A,batch_08,2026-07-18T10:59:00Z,stream_2,night,660
250.20,product_B,batch_08,2026-07-18T11:00:00Z,stream_1,day,661
250.32,product_B,batch_08,2026-07-18T11:01:00Z,stream_1,night,662
250.25,product_B,batch_08,2026-07-18T11:02:00Z,stream_2,day,663
250.39,product_B,batch_08,2026-07-18T11:03:00Z,stream_2,night,664
250.11,product_A,batch_08,2026-07-18T11:04:00Z,stream_1,day,665
250.23,product_A,batch_08,2026-07-18T11:05:00Z,stream_1,night,666
250.19,product_A,batch_08,2026-07-18T11:06:00Z,stream_2,day,667
250.30,product_A,batch_08,2026-07-18T11:07:00Z,stream_2,night,668
250.16,product_B,batch_08,2026-07-18T11:08:00Z,stream_1,day,669
250.31,product_B,batch_08,2026-07-18T11:09:00Z,stream_1,night,670
250.27,product_B,batch_08,2026-07-18T11:10:00Z,stream_2,day,671
250.37,product_B,batch_08,2026-07-18T11:11:00Z,stream_2,night,672
250.14,product_A,batch_08,2026-07-18T11:12:00Z,stream_1,day,673
250.25,product_A,batch_08,2026-07-18T11:13:00Z,stream_1,night,674
250.14,product_A,batch_08,2026-07-18T11:14:00Z,stream_2,day,675
250.29,product_A,batch_08,2026-07-18T11:15:00Z,stream_2,night,676
250.20,product_B,batch_08,2026-07-18T11:16:00Z,stream_1,day,677
250.32,product_B,batch_08,2026-07-18T11:17:00Z,stream_1,night,678
250.26,product_B,batch_08,2026-07-18T11:18:00Z,stream_2,day,679
250.39,product_B,batch_08,2026-07-18T11:19:00Z,stream_2,night,680
250.12,product_A,batch_08,2026-07-18T11:20:00Z,stream_1,day,681
250.24,product_A,batch_08,2026-07-18T11:21:00Z,stream_1,night,682
250.19,product_A,batch_08,2026-07-18T11:22:00Z,stream_2,day,683
250.31,product_A,batch_08,2026-07-18T11:23:00Z,stream_2,night,684
250.20,product_B,batch_08,2026-07-18T11:24:00Z,stream_1,day,685
250.33,product_B,batch_08,2026-07-18T11:25:00Z,stream_1,night,686
250.26,product_B,batch_08,2026-07-18T11:26:00Z,stream_2,day,687
250.37,product_B,batch_08,2026-07-18T11:27:00Z,stream_2,night,688
250.10,product_A,batch_08,2026-07-18T11:28:00Z,stream_1,day,689
250.23,product_A,batch_08,2026-07-18T11:29:00Z,stream_1,night,690
250.18,product_A,batch_08,2026-07-18T11:30:00Z,stream_2,day,691
250.31,product_A,batch_08,2026-07-18T11:31:00Z,stream_2,night,692
250.17,product_B,batch_08,2026-07-18T11:32:00Z,stream_1,day,693
250.31,product_B,batch_08,2026-07-18T11:33:00Z,stream_1,night,694
250.25,product_B,batch_08,2026-07-18T11:34:00Z,stream_2,day,695
250.37,product_B,batch_08,2026-07-18T11:35:00Z,stream_2,night,696
250.12,product_A,batch_08,2026-07-18T11:36:00Z,stream_1,day,697
250.24,product_A,batch_08,2026-07-18T11:37:00Z,stream_1,night,698
250.18,product_A,batch_08,2026-07-18T11:38:00Z,stream_2,day,699
250.30,product_A,batch_08,2026-07-18T11:39:00Z,stream_2,night,700
250.20,product_B,batch_08,2026-07-18T11:40:00Z,stream_1,day,701
250.31,product_B,batch_08,2026-07-18T11:41:00Z,stream_1,night,702
250.26,product_B,batch_08,2026-07-18T11:42:00Z,stream_2,day,703
250.39,product_B,batch_08,2026-07-18T11:43:00Z,stream_2,night,704
250.12,product_A,batch_09,2026-07-18T11:44:00Z,stream_1,day,705
250.23,product_A,batch_09,2026-07-18T11:45:00Z,stream_1,night,706
250.19,product_A,batch_09,2026-07-18T11:46:00Z,stream_2,day,707
250.34,product_A,batch_09,2026-07-18T11:47:00Z,stream_2,night,708
250.19,product_B,batch_09,2026-07-18T11:48:00Z,stream_1,day,709
250.34,product_B,batch_09,2026-07-18T11:49:00Z,stream_1,night,710
250.28,product_B,batch_09,2026-07-18T11:50:00Z,stream_2,day,711
250.39,product_B,batch_09,2026-07-18T11:51:00Z,stream_2,night,712
250.15,product_A,batch_09,2026-07-18T11:52:00Z,stream_1,day,713
250.24,product_A,batch_09,2026-07-18T11:53:00Z,stream_1,night,714
250.18,product_A,batch_09,2026-07-18T11:54:00Z,stream_2,day,715
250.29,product_A,batch_09,2026-07-18T11:55:00Z,stream_2,night,716
250.22,product_B,batch_09,2026-07-18T11:56:00Z,stream_1,day,717
250.31,product_B,batch_09,2026-07-18T11:57:00Z,stream_1,night,718
250.27,product_B,batch_09,2026-07-18T11:58:00Z,stream_2,day,719
250.38,product_B,batch_09,2026-07-18T11:59:00Z,stream_2,night,720
250.12,product_A,batch_09,2026-07-18T12:00:00Z,stream_1,day,721
250.23,product_A,batch_09,2026-07-18T12:01:00Z,stream_1,night,722
250.16,product_A,batch_09,2026-07-18T12:02:00Z,stream_2,day,723
250.31,product_A,batch_09,2026-07-18T12:03:00Z,stream_2,night,724
250.20,product_B,batch_09,2026-07-18T12:04:00Z,stream_1,day,725
250.31,product_B,batch_09,2026-07-18T12:05:00Z,stream_1,night,726
250.27,product_B,batch_09,2026-07-18T12:06:00Z,stream_2,day,727
250.37,product_B,batch_09,2026-07-18T12:07:00Z,stream_2,night,728
250.12,product_A,batch_09,2026-07-18T12:08:00Z,stream_1,day,729
250.25,product_A,batch_09,2026-07-18T12:09:00Z,stream_1,night,730
250.18,product_A,batch_09,2026-07-18T12:10:00Z,stream_2,day,731
250.31,product_A,batch_09,2026-07-18T12:11:00Z,stream_2,night,732
250.21,product_B,batch_09,2026-07-18T12:12:00Z,stream_1,day,733
250.33,product_B,batch_09,2026-07-18T12:13:00Z,stream_1,night,734
250.25,product_B,batch_09,2026-07-18T12:14:00Z,stream_2,day,735
250.39,product_B,batch_09,2026-07-18T12:15:00Z,stream_2,night,736
250.11,product_A,batch_09,2026-07-18T12:16:00Z,stream_1,day,737
250.24,product_A,batch_09,2026-07-18T12:17:00Z,stream_1,night,738
250.17,product_A,batch_09,2026-07-18T12:18:00Z,stream_2,day,739
250.31,product_A,batch_09,2026-07-18T12:19:00Z,stream_2,night,740
250.22,product_B,batch_09,2026-07-18T12:20:00Z,stream_1,day,741
250.30,product_B,batch_09,2026-07-18T12:21:00Z,stream_1,night,742
250.24,product_B,batch_09,2026-07-18T12:22:00Z,stream_2,day,743
250.39,product_B,batch_09,2026-07-18T12:23:00Z,stream_2,night,744
250.13,product_A,batch_09,2026-07-18T12:24:00Z,stream_1,day,745
250.22,product_A,batch_09,2026-07-18T12:25:00Z,stream_1,night,746
250.17,product_A,batch_09,2026-07-18T12:26:00Z,stream_2,day,747
250.34,product_A,batch_09,2026-07-18T12:27:00Z,stream_2,night,748
250.20,product_B,batch_09,2026-07-18T12:28:00Z,stream_1,day,749
250.32,product_B,batch_09,2026-07-18T12:29:00Z,stream_1,night,750
250.25,product_B,batch_09,2026-07-18T12:30:00Z,stream_2,day,751
250.39,product_B,batch_09,2026-07-18T12:31:00Z,stream_2,night,752
250.11,product_A,batch_09,2026-07-18T12:32:00Z,stream_1,day,753
250.23,product_A,batch_09,2026-07-18T12:33:00Z,stream_1,night,754
250.19,product_A,batch_09,2026-07-18T12:34:00Z,stream_2,day,755
250.30,product_A,batch_09,2026-07-18T12:35:00Z,stream_2,night,756
250.16,product_B,batch_09,2026-07-18T12:36:00Z,stream_1,day,757
250.31,product_B,batch_09,2026-07-18T12:37:00Z,stream_1,night,758
250.27,product_B,batch_09,2026-07-18T12:38:00Z,stream_2,day,759
250.37,product_B,batch_09,2026-07-18T12:39:00Z,stream_2,night,760
250.14,product_A,batch_09,2026-07-18T12:40:00Z,stream_1,day,761
250.25,product_A,batch_09,2026-07-18T12:41:00Z,stream_1,night,762
250.14,product_A,batch_09,2026-07-18T12:42:00Z,stream_2,day,763
250.29,product_A,batch_09,2026-07-18T12:43:00Z,stream_2,night,764
250.20,product_B,batch_09,2026-07-18T12:44:00Z,stream_1,day,765
250.32,product_B,batch_09,2026-07-18T12:45:00Z,stream_1,night,766
250.26,product_B,batch_09,2026-07-18T12:46:00Z,stream_2,day,767
250.39,product_B,batch_09,2026-07-18T12:47:00Z,stream_2,night,768
250.12,product_A,batch_09,2026-07-18T12:48:00Z,stream_1,day,769
250.24,product_A,batch_09,2026-07-18T12:49:00Z,stream_1,night,770
250.19,product_A,batch_09,2026-07-18T12:50:00Z,stream_2,day,771
250.31,product_A,batch_09,2026-07-18T12:51:00Z,stream_2,night,772
250.20,product_B,batch_09,2026-07-18T12:52:00Z,stream_1,day,773
250.33,product_B,batch_09,2026-07-18T12:53:00Z,stream_1,night,774
250.26,product_B,batch_09,2026-07-18T12:54:00Z,stream_2,day,775
250.37,product_B,batch_09,2026-07-18T12:55:00Z,stream_2,night,776
250.10,product_A,batch_09,2026-07-18T12:56:00Z,stream_1,day,777
250.23,product_A,batch_09,2026-07-18T12:57:00Z,stream_1,night,778
250.18,product_A,batch_09,2026-07-18T12:58:00Z,stream_2,day,779
250.31,product_A,batch_09,2026-07-18T12:59:00Z,stream_2,night,780
250.17,product_B,batch_09,2026-07-18T13:00:00Z,stream_1,day,781
250.31,product_B,batch_09,2026-07-18T13:01:00Z,stream_1,night,782
250.25,product_B,batch_09,2026-07-18T13:02:00Z,stream_2,day,783
250.37,product_B,batch_09,2026-07-18T13:03:00Z,stream_2,night,784
250.12,product_A,batch_09,2026-07-18T13:04:00Z,stream_1,day,785
250.24,product_A,batch_09,2026-07-18T13:05:00Z,stream_1,night,786
250.18,product_A,batch_09,2026-07-18T13:06:00Z,stream_2,day,787
250.30,product_A,batch_09,2026-07-18T13:07:00Z,stream_2,night,788
250.20,product_B,batch_09,2026-07-18T13:08:00Z,stream_1,day,789
250.31,product_B,batch_09,2026-07-18T13:09:00Z,stream_1,night,790
250.26,product_B,batch_09,2026-07-18T13:10:00Z,stream_2,day,791
250.39,product_B,batch_09,2026-07-18T13:11:00Z,stream_2,night,792
250.12,product_A,batch_10,2026-07-18T13:12:00Z,stream_1,day,793
250.23,product_A,batch_10,2026-07-18T13:13:00Z,stream_1,night,794
250.19,product_A,batch_10,2026-07-18T13:14:00Z,stream_2,day,795
250.34,product_A,batch_10,2026-07-18T13:15:00Z,stream_2,night,796
250.19,product_B,batch_10,2026-07-18T13:16:00Z,stream_1,day,797
250.34,product_B,batch_10,2026-07-18T13:17:00Z,stream_1,night,798
250.28,product_B,batch_10,2026-07-18T13:18:00Z,stream_2,day,799
250.39,product_B,batch_10,2026-07-18T13:19:00Z,stream_2,night,800
250.15,product_A,batch_10,2026-07-18T13:20:00Z,stream_1,day,801
250.24,product_A,batch_10,2026-07-18T13:21:00Z,stream_1,night,802
250.18,product_A,batch_10,2026-07-18T13:22:00Z,stream_2,day,803
250.29,product_A,batch_10,2026-07-18T13:23:00Z,stream_2,night,804
250.22,product_B,batch_10,2026-07-18T13:24:00Z,stream_1,day,805
250.31,product_B,batch_10,2026-07-18T13:25:00Z,stream_1,night,806
250.27,product_B,batch_10,2026-07-18T13:26:00Z,stream_2,day,807
250.38,product_B,batch_10,2026-07-18T13:27:00Z,stream_2,night,808
250.12,product_A,batch_10,2026-07-18T13:28:00Z,stream_1,day,809
250.23,product_A,batch_10,2026-07-18T13:29:00Z,stream_1,night,810
250.16,product_A,batch_10,2026-07-18T13:30:00Z,stream_2,day,811
250.31,product_A,batch_10,2026-07-18T13:31:00Z,stream_2,night,812
250.20,product_B,batch_10,2026-07-18T13:32:00Z,stream_1,day,813
250.31,product_B,batch_10,2026-07-18T13:33:00Z,stream_1,night,814
250.27,product_B,batch_10,2026-07-18T13:34:00Z,stream_2,day,815
250.37,product_B,batch_10,2026-07-18T13:35:00Z,stream_2,night,816
250.12,product_A,batch_10,2026-07-18T13:36:00Z,stream_1,day,817
250.25,product_A,batch_10,2026-07-18T13:37:00Z,stream_1,night,818
250.18,product_A,batch_10,2026-07-18T13:38:00Z,stream_2,day,819
250.31,product_A,batch_10,2026-07-18T13:39:00Z,stream_2,night,820
250.21,product_B,batch_10,2026-07-18T13:40:00Z,stream_1,day,821
250.33,product_B,batch_10,2026-07-18T13:41:00Z,stream_1,night,822
250.25,product_B,batch_10,2026-07-18T13:42:00Z,stream_2,day,823
250.39,product_B,batch_10,2026-07-18T13:43:00Z,stream_2,night,824
250.11,product_A,batch_10,2026-07-18T13:44:00Z,stream_1,day,825
250.24,product_A,batch_10,2026-07-18T13:45:00Z,stream_1,night,826
250.17,product_A,batch_10,2026-07-18T13:46:00Z,stream_2,day,827
250.31,product_A,batch_10,2026-07-18T13:47:00Z,stream_2,night,828
250.22,product_B,batch_10,2026-07-18T13:48:00Z,stream_1,day,829
250.30,product_B,batch_10,2026-07-18T13:49:00Z,stream_1,night,830
250.24,product_B,batch_10,2026-07-18T13:50:00Z,stream_2,day,831
250.39,product_B,batch_10,2026-07-18T13:51:00Z,stream_2,night,832
250.13,product_A,batch_10,2026-07-18T13:52:00Z,stream_1,day,833
250.22,product_A,batch_10,2026-07-18T13:53:00Z,stream_1,night,834
250.17,product_A,batch_10,2026-07-18T13:54:00Z,stream_2,day,835
250.34,product_A,batch_10,2026-07-18T13:55:00Z,stream_2,night,836
250.20,product_B,batch_10,2026-07-18T13:56:00Z,stream_1,day,837
250.32,product_B,batch_10,2026-07-18T13:57:00Z,stream_1,night,838
250.25,product_B,batch_10,2026-07-18T13:58:00Z,stream_2,day,839
250.39,product_B,batch_10,2026-07-18T13:59:00Z,stream_2,night,840
250.11,product_A,batch_10,2026-07-18T14:00:00Z,stream_1,day,841
250.23,product_A,batch_10,2026-07-18T14:01:00Z,stream_1,night,842
250.19,product_A,batch_10,2026-07-18T14:02:00Z,stream_2,day,843
250.30,product_A,batch_10,2026-07-18T14:03:00Z,stream_2,night,844
250.16,product_B,batch_10,2026-07-18T14:04:00Z,stream_1,day,845
250.31,product_B,batch_10,2026-07-18T14:05:00Z,stream_1,night,846
250.27,product_B,batch_10,2026-07-18T14:06:00Z,stream_2,day,847
250.37,product_B,batch_10,2026-07-18T14:07:00Z,stream_2,night,848
250.14,product_A,batch_10,2026-07-18T14:08:00Z,stream_1,day,849
250.25,product_A,batch_10,2026-07-18T14:09:00Z,stream_1,night,850
250.14,product_A,batch_10,2026-07-18T14:10:00Z,stream_2,day,851
250.29,product_A,batch_10,2026-07-18T14:11:00Z,stream_2,night,852
250.20,product_B,batch_10,2026-07-18T14:12:00Z,stream_1,day,853
250.32,product_B,batch_10,2026-07-18T14:13:00Z,stream_1,night,854
250.26,product_B,batch_10,2026-07-18T14:14:00Z,stream_2,day,855
250.39,product_B,batch_10,2026-07-18T14:15:00Z,stream_2,night,856
250.12,product_A,batch_10,2026-07-18T14:16:00Z,stream_1,day,857
250.24,product_A,batch_10,2026-07-18T14:17:00Z,stream_1,night,858
250.19,product_A,batch_10,2026-07-18T14:18:00Z,stream_2,day,859
250.31,product_A,batch_10,2026-07-18T14:19:00Z,stream_2,night,860
250.20,product_B,batch_10,2026-07-18T14:20:00Z,stream_1,day,861
250.33,product_B,batch_10,2026-07-18T14:21:00Z,stream_1,night,862
250.26,product_B,batch_10,2026-07-18T14:22:00Z,stream_2,day,863
250.37,product_B,batch_10,2026-07-18T14:23:00Z,stream_2,night,864
250.10,product_A,batch_10,2026-07-18T14:24:00Z,stream_1,day,865
250.23,product_A,batch_10,2026-07-18T14:25:00Z,stream_1,night,866
250.18,product_A,batch_10,2026-07-18T14:26:00Z,stream_2,day,867
250.31,product_A,batch_10,2026-07-18T14:27:00Z,stream_2,night,868
250.17,product_B,batch_10,2026-07-18T14:28:00Z,stream_1,day,869
250.31,product_B,batch_10,2026-07-18T14:29:00Z,stream_1,night,870
250.25,product_B,batch_10,2026-07-18T14:30:00Z,stream_2,day,871
250.37,product_B,batch_10,2026-07-18T14:31:00Z,stream_2,night,872
250.12,product_A,batch_10,2026-07-18T14:32:00Z,stream_1,day,873
250.24,product_A,batch_10,2026-07-18T14:33:00Z,stream_1,night,874
250.18,product_A,batch_10,2026-07-18T14:34:00Z,stream_2,day,875
250.30,product_A,batch_10,2026-07-18T14:35:00Z,stream_2,night,876
250.20,product_B,batch_10,2026-07-18T14:36:00Z,stream_1,day,877
250.31,product_B,batch_10,2026-07-18T14:37:00Z,stream_1,night,878
250.26,product_B,batch_10,2026-07-18T14:38:00Z,stream_2,day,879
250.39,product_B,batch_10,2026-07-18T14:39:00Z,stream_2,night,880
250.12,product_A,batch_11,2026-07-18T14:40:00Z,stream_1,day,881
250.23,product_A,batch_11,2026-07-18T14:41:00Z,stream_1,night,882
250.19,product_A,batch_11,2026-07-18T14:42:00Z,stream_2,day,883
250.34,product_A,batch_11,2026-07-18T14:43:00Z,stream_2,night,884
250.19,product_B,batch_11,2026-07-18T14:44:00Z,stream_1,day,885
250.34,product_B,batch_11,2026-07-18T14:45:00Z,stream_1,night,886
250.28,product_B,batch_11,2026-07-18T14:46:00Z,stream_2,day,887
250.39,product_B,batch_11,2026-07-18T14:47:00Z,stream_2,night,888
250.15,product_A,batch_11,2026-07-18T14:48:00Z,stream_1,day,889
250.24,product_A,batch_11,2026-07-18T14:49:00Z,stream_1,night,890
250.18,product_A,batch_11,2026-07-18T14:50:00Z,stream_2,day,891
250.29,product_A,batch_11,2026-07-18T14:51:00Z,stream_2,night,892
250.22,product_B,batch_11,2026-07-18T14:52:00Z,stream_1,day,893
250.31,product_B,batch_11,2026-07-18T14:53:00Z,stream_1,night,894
250.27,product_B,batch_11,2026-07-18T14:54:00Z,stream_2,day,895
250.38,product_B,batch_11,2026-07-18T14:55:00Z,stream_2,night,896
250.12,product_A,batch_11,2026-07-18T14:56:00Z,stream_1,day,897
250.23,product_A,batch_11,2026-07-18T14:57:00Z,stream_1,night,898
250.16,product_A,batch_11,2026-07-18T14:58:00Z,stream_2,day,899
250.31,product_A,batch_11,2026-07-18T14:59:00Z,stream_2,night,900
250.20,product_B,batch_11,2026-07-18T15:00:00Z,stream_1,day,901
250.31,product_B,batch_11,2026-07-18T15:01:00Z,stream_1,night,902
250.27,product_B,batch_11,2026-07-18T15:02:00Z,stream_2,day,903
250.37,product_B,batch_11,2026-07-18T15:03:00Z,stream_2,night,904
250.12,product_A,batch_11,2026-07-18T15:04:00Z,stream_1,day,905
250.25,product_A,batch_11,2026-07-18T15:05:00Z,stream_1,night,906
250.18,product_A,batch_11,2026-07-18T15:06:00Z,stream_2,day,907
250.31,product_A,batch_11,2026-07-18T15:07:00Z,stream_2,night,908
250.21,product_B,batch_11,2026-07-18T15:08:00Z,stream_1,day,909
250.33,product_B,batch_11,2026-07-18T15:09:00Z,stream_1,night,910
250.25,product_B,batch_11,2026-07-18T15:10:00Z,stream_2,day,911
250.39,product_B,batch_11,2026-07-18T15:11:00Z,stream_2,night,912
250.11,product_A,batch_11,2026-07-18T15:12:00Z,stream_1,day,913
250.24,product_A,batch_11,2026-07-18T15:13:00Z,stream_1,night,914
250.17,product_A,batch_11,2026-07-18T15:14:00Z,stream_2,day,915
250.31,product_A,batch_11,2026-07-18T15:15:00Z,stream_2,night,916
250.22,product_B,batch_11,2026-07-18T15:16:00Z,stream_1,day,917
250.30,product_B,batch_11,2026-07-18T15:17:00Z,stream_1,night,918
250.24,product_B,batch_11,2026-07-18T15:18:00Z,stream_2,day,919
250.39,product_B,batch_11,2026-07-18T15:19:00Z,stream_2,night,920
250.13,product_A,batch_11,2026-07-18T15:20:00Z,stream_1,day,921
250.22,product_A,batch_11,2026-07-18T15:21:00Z,stream_1,night,922
250.17,product_A,batch_11,2026-07-18T15:22:00Z,stream_2,day,923
250.34,product_A,batch_11,2026-07-18T15:23:00Z,stream_2,night,924
250.20,product_B,batch_11,2026-07-18T15:24:00Z,stream_1,day,925
250.32,product_B,batch_11,2026-07-18T15:25:00Z,stream_1,night,926
250.25,product_B,batch_11,2026-07-18T15:26:00Z,stream_2,day,927
250.39,product_B,batch_11,2026-07-18T15:27:00Z,stream_2,night,928
250.11,product_A,batch_11,2026-07-18T15:28:00Z,stream_1,day,929
250.23,product_A,batch_11,2026-07-18T15:29:00Z,stream_1,night,930
250.19,product_A,batch_11,2026-07-18T15:30:00Z,stream_2,day,931
250.30,product_A,batch_11,2026-07-18T15:31:00Z,stream_2,night,932
250.16,product_B,batch_11,2026-07-18T15:32:00Z,stream_1,day,933
250.31,product_B,batch_11,2026-07-18T15:33:00Z,stream_1,night,934
250.27,product_B,batch_11,2026-07-18T15:34:00Z,stream_2,day,935
250.37,product_B,batch_11,2026-07-18T15:35:00Z,stream_2,night,936
250.14,product_A,batch_11,2026-07-18T15:36:00Z,stream_1,day,937
250.25,product_A,batch_11,2026-07-18T15:37:00Z,stream_1,night,938
250.14,product_A,batch_11,2026-07-18T15:38:00Z,stream_2,day,939
250.29,product_A,batch_11,2026-07-18T15:39:00Z,stream_2,night,940
250.20,product_B,batch_11,2026-07-18T15:40:00Z,stream_1,day,941
250.32,product_B,batch_11,2026-07-18T15:41:00Z,stream_1,night,942
250.26,product_B,batch_11,2026-07-18T15:42:00Z,stream_2,day,943
250.39,product_B,batch_11,2026-07-18T15:43:00Z,stream_2,night,944
250.12,product_A,batch_11,2026-07-18T15:44:00Z,stream_1,day,945
250.24,product_A,batch_11,2026-07-18T15:45:00Z,stream_1,night,946
250.19,product_A,batch_11,2026-07-18T15:46:00Z,stream_2,day,947
250.31,product_A,batch_11,2026-07-18T15:47:00Z,stream_2,night,948
250.20,product_B,batch_11,2026-07-18T15:48:00Z,stream_1,day,949
250.33,product_B,batch_11,2026-07-18T15:49:00Z,stream_1,night,950
250.26,product_B,batch_11,2026-07-18T15:50:00Z,stream_2,day,951
250.37,product_B,batch_11,2026-07-18T15:51:00Z,stream_2,night,952
250.10,product_A,batch_11,2026-07-18T15:52:00Z,stream_1,day,953
250.23,product_A,batch_11,2026-07-18T15:53:00Z,stream_1,night,954
250.18,product_A,batch_11,2026-07-18T15:54:00Z,stream_2,day,955
250.31,product_A,batch_11,2026-07-18T15:55:00Z,stream_2,night,956
250.17,product_B,batch_11,2026-07-18T15:56:00Z,stream_1,day,957
250.31,product_B,batch_11,2026-07-18T15:57:00Z,stream_1,night,958
250.25,product_B,batch_11,2026-07-18T15:58:00Z,stream_2,day,959
250.37,product_B,batch_11,2026-07-18T15:59:00Z,stream_2,night,960
250.12,product_A,batch_11,2026-07-18T16:00:00Z,stream_1,day,961
250.24,product_A,batch_11,2026-07-18T16:01:00Z,stream_1,night,962
250.18,product_A,batch_11,2026-07-18T16:02:00Z,stream_2,day,963
250.30,product_A,batch_11,2026-07-18T16:03:00Z,stream_2,night,964
250.20,product_B,batch_11,2026-07-18T16:04:00Z,stream_1,day,965
250.31,product_B,batch_11,2026-07-18T16:05:00Z,stream_1,night,966
250.26,product_B,batch_11,2026-07-18T16:06:00Z,stream_2,day,967
250.39,product_B,batch_11,2026-07-18T16:07:00Z,stream_2,night,968
250.12,product_A,batch_12,2026-07-18T16:08:00Z,stream_1,day,969
250.23,product_A,batch_12,2026-07-18T16:09:00Z,stream_1,night,970
250.19,product_A,batch_12,2026-07-18T16:10:00Z,stream_2,day,971
250.34,product_A,batch_12,2026-07-18T16:11:00Z,stream_2,night,972
250.19,product_B,batch_12,2026-07-18T16:12:00Z,stream_1,day,973
250.34,product_B,batch_12,2026-07-18T16:13:00Z,stream_1,night,974
250.28,product_B,batch_12,2026-07-18T16:14:00Z,stream_2,day,975
250.39,product_B,batch_12,2026-07-18T16:15:00Z,stream_2,night,976
250.15,product_A,batch_12,2026-07-18T16:16:00Z,stream_1,day,977
250.24,product_A,batch_12,2026-07-18T16:17:00Z,stream_1,night,978
250.18,product_A,batch_12,2026-07-18T16:18:00Z,stream_2,day,979
250.29,product_A,batch_12,2026-07-18T16:19:00Z,stream_2,night,980
250.22,product_B,batch_12,2026-07-18T16:20:00Z,stream_1,day,981
250.31,product_B,batch_12,2026-07-18T16:21:00Z,stream_1,night,982
250.27,product_B,batch_12,2026-07-18T16:22:00Z,stream_2,day,983
250.38,product_B,batch_12,2026-07-18T16:23:00Z,stream_2,night,984
250.12,product_A,batch_12,2026-07-18T16:24:00Z,stream_1,day,985
250.23,product_A,batch_12,2026-07-18T16:25:00Z,stream_1,night,986
250.16,product_A,batch_12,2026-07-18T16:26:00Z,stream_2,day,987
250.31,product_A,batch_12,2026-07-18T16:27:00Z,stream_2,night,988
250.20,product_B,batch_12,2026-07-18T16:28:00Z,stream_1,day,989
250.31,product_B,batch_12,2026-07-18T16:29:00Z,stream_1,night,990
250.27,product_B,batch_12,2026-07-18T16:30:00Z,stream_2,day,991
250.37,product_B,batch_12,2026-07-18T16:31:00Z,stream_2,night,992
250.12,product_A,batch_12,2026-07-18T16:32:00Z,stream_1,day,993
250.25,product_A,batch_12,2026-07-18T16:33:00Z,stream_1,night,994
250.18,product_A,batch_12,2026-07-18T16:34:00Z,stream_2,day,995
250.31,product_A,batch_12,2026-07-18T16:35:00Z,stream_2,night,996
250.21,product_B,batch_12,2026-07-18T16:36:00Z,stream_1,day,997
250.33,product_B,batch_12,2026-07-18T16:37:00Z,stream_1,night,998
250.25,product_B,batch_12,2026-07-18T16:38:00Z,stream_2,day,999
250.39,product_B,batch_12,2026-07-18T16:39:00Z,stream_2,night,1000
250.11,product_A,batch_12,2026-07-18T16:40:00Z,stream_1,day,1001
250.24,product_A,batch_12,2026-07-18T16:41:00Z,stream_1,night,1002
250.17,product_A,batch_12,2026-07-18T16:42:00Z,stream_2,day,1003
250.31,product_A,batch_12,2026-07-18T16:43:00Z,stream_2,night,1004
250.22,product_B,batch_12,2026-07-18T16:44:00Z,stream_1,day,1005
250.30,product_B,batch_12,2026-07-18T16:45:00Z,stream_1,night,1006
250.24,product_B,batch_12,2026-07-18T16:46:00Z,stream_2,day,1007
250.39,product_B,batch_12,2026-07-18T16:47:00Z,stream_2,night,1008
250.13,product_A,batch_12,2026-07-18T16:48:00Z,stream_1,day,1009
250.22,product_A,batch_12,2026-07-18T16:49:00Z,stream_1,night,1010
250.17,product_A,batch_12,2026-07-18T16:50:00Z,stream_2,day,1011
250.34,product_A,batch_12,2026-07-18T16:51:00Z,stream_2,night,1012
250.20,product_B,batch_12,2026-07-18T16:52:00Z,stream_1,day,1013
250.32,product_B,batch_12,2026-07-18T16:53:00Z,stream_1,night,1014
250.25,product_B,batch_12,2026-07-18T16:54:00Z,stream_2,day,1015
250.39,product_B,batch_12,2026-07-18T16:55:00Z,stream_2,night,1016
250.11,product_A,batch_12,2026-07-18T16:56:00Z,stream_1,day,1017
250.23,product_A,batch_12,2026-07-18T16:57:00Z,stream_1,night,1018
250.19,product_A,batch_12,2026-07-18T16:58:00Z,stream_2,day,1019
250.30,product_A,batch_12,2026-07-18T16:59:00Z,stream_2,night,1020
250.16,product_B,batch_12,2026-07-18T17:00:00Z,stream_1,day,1021
250.31,product_B,batch_12,2026-07-18T17:01:00Z,stream_1,night,1022
250.27,product_B,batch_12,2026-07-18T17:02:00Z,stream_2,day,1023
250.37,product_B,batch_12,2026-07-18T17:03:00Z,stream_2,night,1024
250.14,product_A,batch_12,2026-07-18T17:04:00Z,stream_1,day,1025
250.25,product_A,batch_12,2026-07-18T17:05:00Z,stream_1,night,1026
250.14,product_A,batch_12,2026-07-18T17:06:00Z,stream_2,day,1027
250.29,product_A,batch_12,2026-07-18T17:07:00Z,stream_2,night,1028
250.20,product_B,batch_12,2026-07-18T17:08:00Z,stream_1,day,1029
250.32,product_B,batch_12,2026-07-18T17:09:00Z,stream_1,night,1030
250.26,product_B,batch_12,2026-07-18T17:10:00Z,stream_2,day,1031
250.39,product_B,batch_12,2026-07-18T17:11:00Z,stream_2,night,1032
250.12,product_A,batch_12,2026-07-18T17:12:00Z,stream_1,day,1033
250.24,product_A,batch_12,2026-07-18T17:13:00Z,stream_1,night,1034
250.19,product_A,batch_12,2026-07-18T17:14:00Z,stream_2,day,1035
250.31,product_A,batch_12,2026-07-18T17:15:00Z,stream_2,night,1036
250.20,product_B,batch_12,2026-07-18T17:16:00Z,stream_1,day,1037
250.33,product_B,batch_12,2026-07-18T17:17:00Z,stream_1,night,1038
250.26,product_B,batch_12,2026-07-18T17:18:00Z,stream_2,day,1039
250.37,product_B,batch_12,2026-07-18T17:19:00Z,stream_2,night,1040
250.10,product_A,batch_12,2026-07-18T17:20:00Z,stream_1,day,1041
250.23,product_A,batch_12,2026-07-18T17:21:00Z,stream_1,night,1042
250.18,product_A,batch_12,2026-07-18T17:22:00Z,stream_2,day,1043
250.31,product_A,batch_12,2026-07-18T17:23:00Z,stream_2,night,1044
250.17,product_B,batch_12,2026-07-18T17:24:00Z,stream_1,day,1045
250.31,product_B,batch_12,2026-07-18T17:25:00Z,stream_1,night,1046
250.25,product_B,batch_12,2026-07-18T17:26:00Z,stream_2,day,1047
250.37,product_B,batch_12,2026-07-18T17:27:00Z,stream_2,night,1048
250.12,product_A,batch_12,2026-07-18T17:28:00Z,stream_1,day,1049
250.24,product_A,batch_12,2026-07-18T17:29:00Z,stream_1,night,1050
250.18,product_A,batch_12,2026-07-18T17:30:00Z,stream_2,day,1051
250.30,product_A,batch_12,2026-07-18T17:31:00Z,stream_2,night,1052
250.20,product_B,batch_12,2026-07-18T17:32:00Z,stream_1,day,1053
250.31,product_B,batch_12,2026-07-18T17:33:00Z,stream_1,night,1054
250.26,product_B,batch_12,2026-07-18T17:34:00Z,stream_2,day,1055
250.39,product_B,batch_12,2026-07-18T17:35:00Z,stream_2,night,1056
